Airline,American Airlines,Delta Air Lines,Southwest Airlines,United Airlines,Alaska Air,JetBlue,Spirit Airlines,Allegiant,Hawaiian,SkyWest,Continental Airlines,Northwest Airlines,TWA,America West Airlines,US Airways,Air Canada,WestJet Airlines,Exchange Income Corporation,IAG,British Airways,Iberia,Air France-KLM,Air France,KLM Royal Dutch,Ryanair,easyJet,Deutsche Lufthansa,Norwegian Air Shuttle,Finnair,Wizz Air,Singapore Airlines,Qantas Airways,Japan Airlines,ANA Holdings,Korean Air,Asiana Airlines,Cathay Pacific,Copa Holdings,Gol Linhas Aereas,LATAM Airlines,LAN Airlines,Air China,China Eastern,China Southern,Hainan Airlines,Spring Airlines,Juneyao Airlines,Indigo,SpiceJet,Jet Airways,Kenya Airlines,Comair,Emirates,Qatar Airways,Aeroflot,Turkish Airlines,Air Arabia,Jazeera Airways,Royal Jordanian,Flynas
Status,public,public,public,public,public,public,public,public,public,public,merged with United 2010,merged with Delta 2008,"bankrupt 2001, acquired by AA",Merged with US Airways 2005,acquired by AA 2013,public,public,public,public,"merged with Iberia, now IAG","merged with BA, now IAG",public,merged with KLM,merged with AF,public,public,public,public,public,public,public,public,public,public,public,public,public,public,public,public,now part of LATAM,public,public,public,public,public,public,public,public,public,public,public,private,private,"taken private 2023, war",public,public,public,public,public
Country,US,US,US,US,US,US,US,US,US,US,US,US,US,US,US,CA,CA,CA,EU,EU,EU,EU,EU,EU,EU,EU,EU,EU,EU,EU,SG,AU,JP,JP,KR,KR,HK,PA,BR,CL,CL,CN,CN,CN,CN,CN,CN,IN,IN,IN,KE,ZA,AE,QA,RU,TR,AE,KW,JO,SA
Region,North America,North America,North America,North America,North America,North America,North America,North America,North America,North America,North America,North America,North America,North America,North America,North America,North America,North America,Europe,Europe,Europe,Europe,Europe,Europe,Europe,Europe,Europe,Europe,Europe,Europe,Asia Pacific,Asia Pacific,Asia Pacific,Asia Pacific,Asia Pacific,Asia Pacific,Asia Pacific,Latin America,Latin America,Latin America,Latin America,China,China,China,China,China,China,India,India,India,Africa,Africa,Middle East,Middle East,Russia,Turkey,Middle East,Middle East,Middle East,Middle East
Ticker,,,,,,,,,,,,,,,,,,,,,,,,,,,,,,,,,,,,,,,,,,,,,,,,,,,,,,,,,,,,
IATA,AA,DL,WN,UA,AS,B6,NK,G4,HA,OO,CO,NW,TW,HP,US,AC,WS,,IAG,BA,IB,AF/KL,AF,KL,FR,U2,LH,DY,AY,W6,SQ,QF,JL,NH,KE,OZ,CX,CM,G3,LA,,CA,MU,CZ,HU,9C,HO,6E,SG,9W,KQ,MN,EK,QR,SU,TK,G9,J9,RJ,XY
Revenue TTM,,,,,,,,,,,,,,,,,,,,,,,,,,,,,,,,,,,,,,,,,,,,,,,,,,,,,,,,,,,,
2000'Q1,"18,223 M","16,101 M","4,964 M","18,358 M","2,110 M",,,,518 M,489 M,,"10,410 M","2,482 M",,,"4,934 M",161 M,,"14,200 M",,,"12,900 M",,,373 M,,"16,375 M",,"1,533 M",,"5,462 M","5,973 M","14,764 M","11,153 M","4,427 M",,"3,910 M",,,"1,310 M",,,"1,338 M","1,663 M",240 M,,,,0 M,,253 M,112 M,"1,609 M",,"1,226 M",,,,,
2000'Q2,"18,717 M","16,315 M","5,193 M","18,690 M","2,138 M",,,,548 M,503 M,,"10,687 M","1,654 M",,,"5,359 M",181 M,,"14,000 M",,,"12,700 M",,,392 M,,"16,050 M",,"1,435 M",,"5,529 M","5,969 M","14,427 M","10,878 M","4,463 M",,"4,095 M",,,"1,354 M",,,"1,348 M","1,720 M",255 M,,,,0 M,,266 M,123 M,"1,700 M",,"1,287 M",,,,,
2000'Q3,"19,210 M","16,528 M","5,421 M","19,021 M","2,166 M",,,,578 M,517 M,,"10,963 M",827 M,,,"5,783 M",202 M,,"13,800 M",,,"12,500 M",,,411 M,,"15,725 M",,"1,337 M",,"5,597 M","5,966 M","14,089 M","10,603 M","4,498 M",,"4,280 M",,,"1,398 M",,,"1,358 M","1,777 M",271 M,,,,1 M,,278 M,133 M,"1,791 M",,"1,347 M",,,,,
2000'Q4,"19,703 M","16,741 M","5,650 M","19,352 M","2,194 M",105 M,,,607 M,531 M,,"11,240 M",,,,"6,208 M",222 M,,"13,600 M",,,"12,300 M",,,430 M,,"15,400 M",,"1,239 M",,"5,664 M","5,963 M","13,751 M","10,328 M","4,533 M","1,659 M","4,464 M",,,"1,442 M",,,"1,368 M","1,834 M",286 M,,,,1 M,,291 M,144 M,"1,882 M",,"1,407 M",,,,,
2001'Q1,"19,520 M","16,026 M","5,626 M","18,549 M","2,184 M",159 M,,,608 M,549 M,,"10,906 M",,,,"6,184 M",241 M,,"13,150 M",,,"12,150 M",,,459 M,,"15,150 M",,"1,299 M",,"5,528 M","5,780 M","13,333 M","10,007 M","4,518 M","1,668 M","4,324 M",,,"1,442 M",,,"1,393 M","1,885 M",314 M,,,,1 M,,299 M,144 M,"1,943 M",,"1,445 M",,,,,
2001'Q2,"19,336 M","15,310 M","5,602 M","17,745 M","2,173 M",213 M,,,609 M,566 M,,"10,573 M",,,,"6,160 M",261 M,,"12,700 M",,,"12,000 M",,,487 M,,"14,900 M",,"1,359 M",,"5,391 M","5,596 M","12,914 M","9,686 M","4,503 M","1,676 M","4,184 M",,,"1,442 M",,,"1,418 M","1,936 M",343 M,,,,1 M,,307 M,144 M,"2,004 M",,"1,482 M",,,,,
2001'Q3,"19,153 M","14,595 M","5,579 M","16,942 M","2,163 M",266 M,,,610 M,584 M,,"10,239 M",,,,"6,137 M",281 M,,"12,250 M",,,"11,850 M",,,516 M,,"14,650 M",,"1,419 M",,"5,255 M","5,413 M","12,496 M","9,364 M","4,487 M","1,685 M","4,044 M",,,"1,443 M",,,"1,443 M","1,988 M",371 M,,,,1 M,,315 M,144 M,"2,065 M",,"1,520 M",,,,,
2001'Q4,"18,969 M","13,879 M","5,555 M","16,138 M","2,153 M",320 M,,,612 M,602 M,,"9,905 M",,,,"6,113 M",300 M,,"11,800 M",,,"11,700 M",,,544 M,,"14,400 M",,"1,479 M",,"5,118 M","5,229 M","12,077 M","9,043 M","4,472 M","1,693 M","3,904 M",,,"1,443 M",,,"1,468 M","2,039 M",399 M,,,,1 M,,323 M,144 M,"2,126 M",,"1,558 M",,,,,
2002'Q1,"18,582 M","13,876 M","5,547 M","16,059 M","2,171 M",399 M,,,617 M,645 M,,"9,923 M",,,,"6,155 M",333 M,,"11,725 M",,,"12,050 M",,,638 M,,"14,800 M",,"1,545 M",,"5,327 M","5,521 M","13,393 M","9,312 M","4,715 M","1,813 M","3,989 M",,,"1,449 M",,,"1,503 M","2,074 M",445 M,,,,1 M,,332 M,139 M,"2,291 M",,"1,563 M",,,,,
2002'Q2,"18,195 M","13,873 M","5,538 M","15,980 M","2,188 M",478 M,,,622 M,688 M,,"9,941 M",,,,"6,198 M",365 M,,"11,650 M",,,"12,400 M",,,731 M,,"15,200 M",,"1,611 M",,"5,537 M","5,812 M","14,709 M","9,582 M","4,958 M","1,932 M","4,073 M",,,"1,455 M",,,"1,538 M","2,108 M",491 M,,,,0 M,,341 M,135 M,"2,456 M",,"1,567 M",,,,,
2002'Q3,"17,807 M","13,869 M","5,530 M","15,901 M","2,206 M",556 M,,,627 M,731 M,,"9,958 M",,,,"6,240 M",398 M,,"11,575 M",,,"12,750 M",,,825 M,,"15,600 M",,"1,678 M",,"5,746 M","6,103 M","16,025 M","9,851 M","5,200 M","2,052 M","4,158 M",,,"1,460 M",,,"1,573 M","2,143 M",537 M,,,,0 M,,350 M,130 M,"2,621 M",,"1,572 M",,,,,
2002'Q4,"17,420 M","13,866 M","5,522 M","15,822 M","2,224 M",635 M,,,632 M,774 M,,"9,976 M",,,,"6,282 M",430 M,,"11,500 M",,,"13,100 M",,,918 M,,"16,000 M",55 M,"1,744 M",,"5,955 M","6,395 M","17,341 M","10,120 M","5,443 M","2,171 M","4,243 M",,192 M,"1,466 M",,,"1,607 M","2,177 M",583 M,,,,0 M,,359 M,125 M,"2,786 M",,"1,576 M",,,,,
2003'Q1,"17,425 M","13,977 M","5,626 M","15,599 M","2,279 M",726 M,,,513 M,803 M,,"10,001 M",,,,"6,330 M",489 M,,"11,725 M",,,"13,475 M",,,"1,017 M",,"16,800 M",77 M,"1,813 M",,"5,920 M","6,694 M","17,636 M","10,509 M","5,416 M","2,155 M","4,142 M",,265 M,"1,514 M",,,"1,637 M","2,161 M",599 M,,,,0 M,,367 M,139 M,"3,042 M",,"1,621 M",,,,,
2003'Q2,"17,430 M","14,087 M","5,729 M","15,375 M","2,334 M",817 M,,,395 M,831 M,,"10,027 M",,,,"6,378 M",548 M,,"11,950 M",,,"13,850 M",,,"1,116 M",,"17,600 M",99 M,"1,881 M",,"5,885 M","6,993 M","17,931 M","10,897 M","5,389 M","2,140 M","4,041 M",,338 M,"1,562 M",,,"1,666 M","2,145 M",615 M,,,,0 M,,376 M,153 M,"3,299 M",,"1,666 M",,,,,
2003'Q3,"17,435 M","14,198 M","5,833 M","15,152 M","2,390 M",908 M,,,276 M,860 M,,"10,052 M",,,,"6,427 M",606 M,,"12,175 M",,,"14,225 M",,,"1,214 M",,"18,400 M",121 M,"1,949 M",,"5,849 M","7,292 M","18,226 M","11,286 M","5,362 M","2,124 M","3,939 M",,412 M,"1,610 M",,,"1,696 M","2,129 M",631 M,,,,0 M,,384 M,167 M,"3,555 M",,"1,710 M",,,,,
2003'Q4,"17,440 M","14,308 M","5,937 M","14,928 M","2,445 M",998 M,,50 M,157 M,888 M,,"10,077 M",,,,"6,475 M",665 M,,"12,400 M",,,"14,600 M",,,"1,313 M","1,560 M","19,200 M",144 M,"2,018 M",,"5,814 M","7,591 M","18,521 M","11,674 M","5,335 M","2,108 M","3,838 M",,485 M,"1,658 M",,"2,996 M","1,725 M","2,113 M",648 M,,,,0 M,,393 M,181 M,"3,811 M",,"1,755 M",,,,,
2004'Q1,"17,741 M","14,540 M","6,085 M","15,294 M","2,515 M","1,065 M",,60 M,118 M,955 M,,"10,378 M",,,,"6,681 M",718 M,,"12,850 M",,,"16,300 M",,,"1,412 M","1,660 M","20,000 M",158 M,"2,093 M",,"6,181 M","7,649 M","18,851 M","11,766 M","5,792 M","2,319 M","4,135 M",,520 M,"1,779 M",,"3,273 M","1,941 M","2,311 M",734 M,,,,0 M,,436 M,194 M,"4,157 M",,"1,859 M",,,,,
2004'Q2,"18,043 M","14,772 M","6,234 M","15,660 M","2,584 M","1,131 M",,70 M,79 M,"1,022 M",,"10,678 M",,,,"6,887 M",770 M,,"13,300 M",,,"18,000 M",,,"1,512 M","1,761 M","20,800 M",172 M,"2,167 M",,"6,548 M","7,706 M","19,181 M","11,859 M","6,250 M","2,529 M","4,432 M",,554 M,"1,900 M",,"3,550 M","2,157 M","2,508 M",821 M,,,,0 M,,478 M,208 M,"4,502 M",,"1,964 M",,,,,
2004'Q3,"18,344 M","15,003 M","6,382 M","16,025 M","2,654 M","1,198 M",,80 M,39 M,"1,089 M",,"10,979 M",,,,"7,092 M",822 M,,"13,750 M",,,"19,700 M",,,"1,611 M","1,862 M","21,600 M",186 M,"2,242 M",,"6,915 M","7,764 M","19,510 M","11,951 M","6,707 M","2,740 M","4,729 M",,589 M,"2,021 M",,"3,827 M","2,373 M","2,705 M",908 M,,,,0 M,,521 M,222 M,"4,848 M",,"2,068 M",,,,,
2004'Q4,"18,645 M","15,235 M","6,530 M","16,391 M","2,724 M","1,265 M",,90 M,,"1,156 M",,"11,279 M",,,,"7,298 M",875 M,,"14,200 M",,,"21,400 M",,,"1,710 M","1,962 M","22,400 M",200 M,"2,317 M",,"7,281 M","7,822 M","19,840 M","12,043 M","7,164 M","2,950 M","5,026 M",406 M,623 M,"2,142 M",,"4,105 M","2,589 M","2,902 M",994 M,,,,1 M,,564 M,235 M,"5,193 M",,"2,173 M",,50 M,,,
2005'Q1,"19,162 M","15,546 M","6,794 M","16,638 M","2,787 M","1,374 M",,101 M,,"1,358 M",,"11,531 M",,,,"7,504 M",954 M,,"14,525 M",,,"22,700 M",,,"1,795 M","2,064 M","22,400 M",223 M,"2,298 M",,"7,522 M","8,265 M","19,564 M","11,947 M","7,304 M","2,991 M","5,411 M",457 M,753 M,"2,247 M",,"4,269 M","2,799 M","3,365 M","1,053 M",,,,3 M,,608 M,241 M,"5,543 M",,"2,280 M",,66 M,,,
2005'Q2,"19,679 M","15,858 M","7,057 M","16,885 M","2,850 M","1,483 M",,111 M,,"1,560 M",,"11,783 M",,,,"7,710 M","1,034 M",,"14,850 M",,,"24,000 M",,,"1,879 M","2,166 M","22,400 M",246 M,"2,279 M",,"7,763 M","8,708 M","19,287 M","11,851 M","7,445 M","3,031 M","5,796 M",507 M,882 M,"2,352 M",,"4,434 M","3,010 M","3,828 M","1,112 M",,,,5 M,,652 M,246 M,"5,893 M",,"2,387 M",,81 M,,,
2005'Q3,"20,195 M","16,169 M","7,321 M","17,132 M","2,912 M","1,592 M",,122 M,,"1,762 M",,"12,034 M",,,,"7,916 M","1,113 M",,"15,175 M",,,"25,300 M",,,"1,964 M","2,268 M","22,400 M",269 M,"2,260 M",,"8,004 M","9,152 M","19,011 M","11,755 M","7,585 M","3,072 M","6,182 M",558 M,"1,011 M","2,458 M",,"4,598 M","3,221 M","4,291 M","1,171 M",,,,7 M,,696 M,252 M,"6,243 M",,"2,495 M",,97 M,,,
2005'Q4,"20,712 M","16,480 M","7,584 M","17,379 M","2,975 M","1,701 M",,133 M,509 M,"1,964 M",,"12,286 M",,,,"8,122 M","1,193 M",49 M,"15,500 M",,,"26,600 M",,,"2,049 M","2,369 M","22,400 M",291 M,"2,241 M",,"8,245 M","9,595 M","18,734 M","11,659 M","7,725 M","3,112 M","6,567 M",609 M,"1,141 M","2,563 M",,"4,763 M","3,431 M","4,754 M","1,231 M",,,,10 M,,741 M,258 M,"6,593 M",,"2,602 M",,113 M,7 M,,
2006'Q1,"21,175 M","16,743 M","7,960 M","17,869 M","3,065 M","1,867 M",,160 M,604 M,"2,252 M",,"12,357 M",,,,"8,251 M","1,272 M",55 M,"15,525 M",,,"27,125 M",,,"2,281 M","2,534 M","23,050 M",336 M,"2,341 M",,"8,572 M","9,733 M","18,942 M","11,910 M","8,028 M","3,315 M","6,890 M",670 M,"1,312 M","2,695 M",,"5,065 M","3,786 M","5,050 M","1,319 M",,,,12 M,,769 M,263 M,"7,062 M",,"2,703 M",,138 M,25 M,,
2006'Q2,"21,638 M","17,006 M","8,335 M","18,360 M","3,155 M","2,033 M",,188 M,698 M,"2,539 M",,"12,427 M",,,,"8,381 M","1,352 M",61 M,"15,550 M",,,"27,650 M",,,"2,514 M","2,698 M","23,700 M",381 M,"2,441 M",,"8,899 M","9,871 M","19,150 M","12,161 M","8,331 M","3,517 M","7,212 M",730 M,"1,483 M","2,827 M",,"5,367 M","4,141 M","5,346 M","1,408 M",,,,13 M,,798 M,267 M,"7,530 M",,"2,805 M",,162 M,43 M,,
2006'Q3,"22,100 M","17,269 M","8,711 M","18,850 M","3,245 M","2,198 M",,216 M,793 M,"2,827 M",,"12,498 M",,,,"8,510 M","1,431 M",67 M,"15,575 M",,,"28,175 M",,,"2,746 M","2,863 M","24,350 M",425 M,"2,541 M",,"9,226 M","10,008 M","19,358 M","12,411 M","8,633 M","3,720 M","7,535 M",791 M,"1,654 M","2,959 M",,"5,669 M","4,496 M","5,642 M","1,496 M",,,,15 M,,827 M,272 M,"7,998 M",,"2,907 M",,187 M,60 M,,
2006'Q4,"22,563 M","17,532 M","9,086 M","19,340 M","3,334 M","2,364 M",543 M,243 M,888 M,"3,115 M",,"12,568 M",,,,"8,639 M","1,511 M",73 M,"15,600 M",,,"28,700 M",,,"2,979 M","3,027 M","25,000 M",470 M,"2,641 M",,"9,553 M","10,146 M","19,566 M","12,662 M","8,936 M","3,922 M","7,858 M",851 M,"1,825 M","3,091 M",,"5,971 M","4,850 M","5,938 M","1,585 M",,,,17 M,,856 M,277 M,"8,467 M",,"3,008 M",,212 M,78 M,,
2007'Q1,"22,656 M","17,938 M","9,280 M","19,541 M","3,377 M","2,484 M",598 M,273 M,912 M,"3,180 M",,"12,558 M",,,,"9,168 M","1,671 M",82 M,"16,075 M",,,"29,775 M",,,"3,307 M","3,183 M","26,975 M",548 M,"2,799 M",,"10,059 M","10,780 M","20,245 M","13,212 M","9,124 M","3,978 M","8,324 M",897 M,"2,070 M","3,207 M",,"6,229 M","5,113 M","6,333 M","1,638 M",,,,21 M,,883 M,286 M,"9,176 M",,"3,212 M",,215 M,91 M,,
2007'Q2,"22,749 M","18,343 M","9,474 M","19,742 M","3,420 M","2,604 M",653 M,302 M,935 M,"3,244 M",,"12,548 M",,,,"9,696 M","1,832 M",90 M,"16,550 M",,,"30,850 M",,,"3,635 M","3,339 M","28,950 M",626 M,"2,956 M",,"10,564 M","11,413 M","20,924 M","13,763 M","9,312 M","4,034 M","8,790 M",943 M,"2,315 M","3,324 M",,"6,487 M","5,376 M","6,727 M","1,691 M",,,,26 M,,909 M,294 M,"9,884 M",,"3,415 M",,218 M,104 M,,
2007'Q3,"22,842 M","18,749 M","9,667 M","19,942 M","3,463 M","2,723 M",708 M,331 M,959 M,"3,309 M",,"12,538 M",,,,"10,225 M","1,992 M",99 M,"17,025 M",,,"31,925 M",,,"3,963 M","3,495 M","30,925 M",703 M,"3,114 M",,"11,070 M","12,046 M","21,603 M","14,313 M","9,499 M","4,090 M","9,256 M",989 M,"2,560 M","3,440 M",,"6,745 M","5,638 M","7,122 M","1,744 M",,,,30 M,,936 M,303 M,"10,593 M",,"3,618 M",,222 M,118 M,,
2007'Q4,"22,935 M","19,154 M","9,861 M","20,143 M","3,506 M","2,843 M",763 M,361 M,983 M,"3,374 M",,"12,528 M",,,,"10,753 M","2,153 M",107 M,"17,500 M",,,"33,000 M",,,"4,291 M","3,651 M","32,900 M",781 M,"3,272 M",,"11,575 M","12,679 M","22,282 M","14,863 M","9,687 M","4,146 M","9,722 M","1,035 M","2,806 M","3,557 M",,"7,003 M","5,901 M","7,517 M","1,797 M",,,,35 M,,963 M,311 M,"11,301 M",,"3,821 M",,225 M,131 M,,
2008'Q1,"23,143 M","20,040 M","10,152 M","20,156 M","3,545 M","2,980 M",769 M,396 M,"1,040 M","3,405 M",,"12,789 M",,,,"10,346 M","2,135 M",113 M,"17,275 M",,,"33,925 M",,,"4,197 M","3,801 M","33,825 M",808 M,"3,248 M",,"11,313 M","13,406 M","21,684 M","14,696 M","9,346 M","3,992 M","10,084 M","1,099 M","2,790 M","3,738 M",,"7,204 M","5,943 M","7,700 M","1,830 M",,,,149 M,,946 M,319 M,"11,597 M",,"4,024 M",,310 M,144 M,,
2008'Q2,"23,351 M","20,926 M","10,442 M","20,169 M","3,584 M","3,118 M",775 M,432 M,"1,097 M","3,435 M",,"13,050 M",,,,"9,939 M","2,117 M",118 M,"17,050 M",,,"34,850 M",,,"4,103 M","3,952 M","34,750 M",835 M,"3,225 M",,"11,052 M","14,133 M","21,086 M","14,530 M","9,006 M","3,838 M","10,446 M","1,162 M","2,775 M","3,920 M",,"7,405 M","5,985 M","7,882 M","1,862 M",,,,263 M,,929 M,328 M,"11,892 M",,"4,228 M",,394 M,157 M,,
2008'Q3,"23,558 M","21,811 M","10,733 M","20,181 M","3,623 M","3,255 M",781 M,468 M,"1,154 M","3,466 M",,"13,311 M",,,,"9,532 M","2,100 M",123 M,"16,825 M",,,"35,775 M",,,"4,009 M","4,102 M","35,675 M",862 M,"3,202 M",,"10,790 M","14,860 M","20,487 M","14,363 M","8,665 M","3,684 M","10,807 M","1,225 M","2,759 M","4,101 M",,"7,606 M","6,027 M","8,064 M","1,894 M",,,,377 M,,912 M,336 M,"12,187 M",,"4,431 M",,479 M,170 M,,
2008'Q4,"23,766 M","22,697 M","11,023 M","20,194 M","3,663 M","3,392 M",787 M,504 M,"1,211 M","3,496 M",,"13,572 M",,,,"9,125 M","2,082 M",129 M,"16,600 M",,,"36,700 M",,,"3,915 M","4,253 M","36,600 M",889 M,"3,178 M",,"10,528 M","15,586 M","19,889 M","14,196 M","8,324 M","3,530 M","11,169 M","1,289 M","2,744 M","4,283 M",,"7,807 M","6,069 M","8,246 M","1,927 M",,,,491 M,,894 M,344 M,"12,482 M",,"4,635 M",,563 M,183 M,,
2009'Q1,"22,804 M","24,039 M","10,855 M","19,229 M","3,597 M","3,367 M",765 M,517 M,"1,204 M","3,276 M",,"10,179 M",,,,"9,192 M","2,107 M",147 M,"15,575 M",,,"34,850 M",,,"3,943 M","4,264 M","35,200 M",985 M,"3,051 M",,"10,161 M","14,642 M","18,583 M","13,940 M","8,317 M","3,525 M","10,570 M","1,280 M","2,923 M","4,131 M",,"7,836 M","6,164 M","8,265 M","1,996 M",,,,368 M,,919 M,357 M,"12,459 M",,"4,315 M",,560 M,179 M,,
2009'Q2,"21,842 M","25,380 M","10,687 M","18,265 M","3,531 M","3,342 M",744 M,531 M,"1,197 M","3,055 M",,"6,786 M",,,,"9,260 M","2,132 M",165 M,"14,550 M",,,"33,000 M",,,"3,971 M","4,275 M","33,800 M","1,081 M","2,923 M",,"9,793 M","13,697 M","17,278 M","13,685 M","8,310 M","3,521 M","9,972 M","1,271 M","3,103 M","3,978 M",,"7,866 M","6,260 M","8,283 M","2,066 M",,,,245 M,,944 M,370 M,"12,436 M",,"3,995 M",,556 M,176 M,,
2009'Q3,"20,879 M","26,722 M","10,518 M","17,300 M","3,466 M","3,317 M",722 M,544 M,"1,190 M","2,834 M",,"3,393 M",,,,"9,328 M","2,156 M",184 M,"13,525 M",,,"31,150 M",,,"4,000 M","4,286 M","32,400 M","1,177 M","2,796 M",,"9,426 M","12,752 M","15,972 M","13,429 M","8,303 M","3,516 M","9,374 M","1,262 M","3,282 M","3,826 M",,"7,896 M","6,356 M","8,301 M","2,135 M",,,,123 M,,969 M,384 M,"12,413 M",,"3,675 M",,553 M,173 M,,
2009'Q4,"19,917 M","28,063 M","10,350 M","16,335 M","3,400 M","3,292 M",700 M,558 M,"1,183 M","2,614 M",,,,,,"9,396 M","2,181 M",202 M,"12,500 M",,,"29,300 M",,,"4,028 M","4,297 M","31,000 M","1,273 M","2,669 M",,"9,059 M","11,807 M","14,666 M","13,173 M","8,296 M","3,511 M","8,775 M","1,253 M","3,462 M","3,674 M",,"7,925 M","6,452 M","8,319 M","2,204 M",,,,,,994 M,397 M,"12,390 M",,"3,355 M",,549 M,170 M,,
2010'Q1,"20,480 M","28,986 M","10,789 M","18,083 M","3,508 M","3,414 M",720 M,584 M,"1,215 M","2,651 M",,,,,,"9,741 M","2,287 M",212 M,"14,321 M",,,"29,725 M",,,"4,310 M","4,406 M","32,325 M","1,323 M","2,683 M",,"9,672 M","11,790 M","11,000 M","13,963 M","8,826 M","3,817 M","9,555 M","1,294 M","3,631 M","3,887 M",,"9,126 M","7,681 M","9,186 M","2,449 M",,,,,,"1,004 M",396 M,"13,193 M",,"3,614 M",,554 M,166 M,,
2010'Q2,"21,044 M","29,909 M","11,227 M","19,830 M","3,616 M","3,536 M",741 M,611 M,"1,247 M","2,689 M",,,,,,"10,086 M","2,393 M",223 M,"16,142 M",,,"30,150 M",,,"4,592 M","4,514 M","33,650 M","1,373 M","2,696 M",,"10,285 M","11,773 M","7,333 M","14,753 M","9,357 M","4,123 M","10,335 M","1,334 M","3,801 M","4,101 M",,"10,326 M","8,910 M","10,054 M","2,694 M",,,,,,"1,014 M",395 M,"13,997 M",,"3,872 M",,559 M,163 M,,
2010'Q3,"21,607 M","30,832 M","11,666 M","21,578 M","3,724 M","3,657 M",761 M,637 M,"1,278 M","2,727 M",,,,,,"10,430 M","2,499 M",234 M,"17,963 M",,,"30,575 M",,,"4,874 M","4,623 M","34,975 M","1,422 M","2,710 M",,"10,899 M","11,755 M",,"15,542 M","9,887 M","4,429 M","11,115 M","1,374 M","3,970 M","4,315 M",,"11,526 M","10,139 M","10,921 M","2,938 M",,,,,,"1,024 M",395 M,"14,800 M",,"4,130 M",,563 M,159 M,,
2010'Q4,"22,170 M","31,755 M","12,104 M","23,325 M","3,832 M","3,779 M",781 M,664 M,"1,310 M","2,765 M",,,,,,"10,775 M","2,605 M",244 M,"19,783 M",,,"31,000 M",,,"5,156 M","4,731 M","36,300 M","1,472 M","2,724 M",,"11,512 M","11,738 M",,"16,332 M","10,417 M","4,735 M","11,895 M","1,415 M","4,140 M","4,529 M",,"12,726 M","11,369 M","11,788 M","3,183 M",,,,655 M,,"1,034 M",394 M,"15,603 M",,"4,389 M",,568 M,155 M,,
2011'Q1,"22,622 M","32,595 M","12,993 M","26,771 M","3,954 M","3,960 M",854 M,693 M,"1,395 M","2,988 M",,,,,,"10,925 M","2,706 M",308 M,"20,046 M",,,"31,725 M",,,"5,333 M","4,894 M","37,200 M","1,557 M","2,778 M",,"11,589 M","12,802 M",,"16,545 M","10,471 M","4,769 M","12,090 M","1,519 M","4,134 M","4,826 M",,"13,442 M","11,842 M","12,463 M","3,398 M",,,,686 M,,"1,101 M",427 M,"16,200 M",,"4,672 M",,593 M,169 M,,
2011'Q2,"23,075 M","33,435 M","13,881 M","30,218 M","4,075 M","4,142 M",926 M,721 M,"1,480 M","3,210 M",,,,,,"11,074 M","2,807 M",372 M,"20,310 M",,,"32,450 M",,,"5,510 M","5,057 M","38,100 M","1,641 M","2,832 M",,"11,665 M","13,866 M",,"16,757 M","10,525 M","4,803 M","12,284 M","1,623 M","4,127 M","5,124 M",,"14,159 M","12,315 M","13,137 M","3,612 M",,,,718 M,,"1,167 M",460 M,"16,797 M",,"4,955 M",,618 M,183 M,,
2011'Q3,"23,527 M","34,275 M","14,770 M","33,664 M","4,196 M","4,323 M",999 M,750 M,"1,565 M","3,432 M",,,,,,"11,224 M","2,907 M",436 M,"20,573 M",,,"33,175 M",,,"5,687 M","5,220 M","39,000 M","1,725 M","2,885 M",,"11,742 M","14,930 M",,"16,970 M","10,578 M","4,836 M","12,478 M","1,727 M","4,121 M","5,421 M",,"14,875 M","12,787 M","13,811 M","3,827 M",,,,750 M,,"1,233 M",493 M,"17,394 M",,"5,239 M",,643 M,196 M,,
2011'Q4,"23,979 M","35,115 M","15,658 M","37,110 M","4,318 M","4,504 M","1,071 M",779 M,"1,650 M","3,655 M",,,,,,"11,373 M","3,008 M",500 M,"20,836 M",,,"33,900 M",,,"5,864 M","5,383 M","39,900 M","1,809 M","2,939 M","1,023 M","11,818 M","15,995 M",,"17,182 M","10,632 M","4,870 M","12,672 M","1,831 M","4,115 M","5,718 M",,"15,592 M","13,260 M","14,486 M","4,042 M",685 M,,,781 M,,"1,299 M",526 M,"17,992 M",,"5,522 M",,668 M,210 M,,
2012'Q1,"24,198 M","35,504 M","16,016 M","37,121 M","4,403 M","4,624 M","1,133 M",812 M,"1,728 M","3,625 M",,,,,,"11,573 M","3,117 M",576 M,"21,603 M",,,"33,700 M",,,"5,961 M","5,598 M","39,625 M","1,934 M","3,019 M","1,040 M","11,899 M","16,002 M",,"16,826 M","10,856 M","5,028 M","12,710 M","1,936 M","4,076 M","6,774 M",,"15,700 M","13,353 M","14,880 M","4,144 M",737 M,,,849 M,,"1,263 M",522 M,"18,767 M",,"6,179 M",,697 M,214 M,,
2012'Q2,"24,417 M","35,893 M","16,373 M","37,131 M","4,487 M","4,743 M","1,195 M",844 M,"1,806 M","3,595 M",,,,,,"11,773 M","3,226 M",652 M,"22,370 M",,,"33,500 M",,,"6,059 M","5,812 M","39,350 M","2,059 M","3,099 M","1,057 M","11,979 M","16,009 M",,"16,470 M","11,080 M","5,185 M","12,747 M","2,040 M","4,036 M","7,830 M",,"15,807 M","13,446 M","15,275 M","4,246 M",788 M,,,917 M,,"1,227 M",517 M,"19,542 M",,"6,836 M",,725 M,217 M,,
2012'Q3,"24,636 M","36,281 M","16,731 M","37,142 M","4,572 M","4,863 M","1,257 M",876 M,"1,884 M","3,565 M",,,,,,"11,973 M","3,335 M",728 M,"23,137 M",,,"33,300 M",,,"6,156 M","6,026 M","39,075 M","2,184 M","3,179 M","1,073 M","12,060 M","16,017 M",,"16,114 M","11,304 M","5,343 M","12,784 M","2,145 M","3,996 M","8,886 M",,"15,915 M","13,539 M","15,669 M","4,349 M",840 M,,,985 M,,"1,191 M",512 M,"20,316 M",,"7,492 M",,753 M,221 M,,
2012'Q4,"24,855 M","36,670 M","17,088 M","37,152 M","4,657 M","4,982 M","1,318 M",909 M,"1,962 M","3,534 M",,,,,,"12,172 M","3,444 M",804 M,"23,904 M",,,"33,100 M",,,"6,254 M","6,240 M","38,800 M","2,309 M","3,259 M","1,090 M","12,141 M","16,024 M","13,158 M","15,758 M","11,528 M","5,500 M","12,822 M","2,249 M","3,956 M","9,942 M",,"16,023 M","13,632 M","16,064 M","4,451 M",892 M,705 M,,"1,053 M",,"1,154 M",508 M,"21,091 M",,"8,149 M",,782 M,225 M,,
2013'Q1,"25,327 M","36,946 M","17,241 M","37,434 M","4,782 M","5,097 M","1,402 M",931 M,"2,011 M","3,475 M",,,,,,"12,039 M","3,443 M",845 M,"24,330 M",,,"33,300 M",,,"6,427 M","6,399 M","39,075 M","2,393 M","3,278 M","1,166 M","12,129 M","15,703 M","13,051 M","15,710 M","11,453 M","5,481 M","12,856 M","2,339 M","3,931 M","10,773 M",,"16,039 M","13,821 M","16,140 M","4,677 M",937 M,772 M,,"1,055 M",,"1,172 M",514 M,"21,787 M",,"8,337 M",,807 M,227 M,,
2013'Q2,"25,799 M","37,222 M","17,394 M","37,716 M","4,907 M","5,212 M","1,486 M",952 M,"2,059 M","3,416 M",,,,,,"11,905 M","3,443 M",886 M,"24,756 M",,,"33,500 M",,,"6,599 M","6,559 M","39,350 M","2,477 M","3,298 M","1,243 M","12,117 M","15,382 M","12,945 M","15,662 M","11,378 M","5,462 M","12,891 M","2,429 M","3,905 M","11,604 M",,"16,056 M","14,010 M","16,217 M","4,903 M",983 M,838 M,,"1,056 M",,"1,190 M",521 M,"22,482 M",,"8,525 M",,833 M,230 M,,
2013'Q3,"26,271 M","37,497 M","17,546 M","37,997 M","5,031 M","5,326 M","1,570 M",974 M,"2,107 M","3,357 M",,,,,,"11,771 M","3,442 M",927 M,"25,182 M",,,"33,700 M",,,"6,772 M","6,718 M","39,625 M","2,561 M","3,317 M","1,319 M","12,105 M","15,061 M","12,838 M","15,614 M","11,302 M","5,442 M","12,925 M","2,519 M","3,880 M","12,435 M",,"16,072 M","14,199 M","16,293 M","5,129 M","1,028 M",904 M,,"1,058 M",,"1,208 M",527 M,"23,178 M",,"8,713 M",,858 M,232 M,,
2013'Q4,"26,743 M","37,773 M","17,699 M","38,279 M","5,156 M","5,441 M","1,654 M",996 M,"2,156 M","3,298 M",,,,,,"11,637 M","3,442 M",968 M,"25,609 M",,,"33,900 M",,,"6,945 M","6,878 M","39,900 M","2,645 M","3,336 M","1,395 M","12,094 M","14,740 M","12,731 M","15,566 M","11,227 M","5,423 M","12,960 M","2,608 M","3,855 M","13,266 M",,"16,089 M","14,388 M","16,369 M","5,355 M","1,073 M",970 M,,"1,059 M",,"1,226 M",534 M,"23,874 M",,"8,901 M",,884 M,235 M,,
2014'Q1,"30,720 M","38,420 M","17,926 M","38,435 M","5,209 M","5,535 M","1,724 M","1,031 M","2,196 M","3,283 M",,,,,,"11,589 M","3,439 M",843 M,"25,328 M",,,"33,725 M",,,"6,729 M","6,990 M","39,900 M","2,641 M","3,201 M","1,376 M","11,897 M","14,670 M","12,347 M","15,241 M","11,129 M","5,395 M","13,137 M","2,638 M","3,845 M","13,067 M",,"16,396 M","14,625 M","16,792 M","5,486 M","1,104 M",999 M,,"1,005 M",,"1,218 M",549 M,"24,464 M",,"8,100 M",,923 M,236 M,,
2014'Q2,"34,697 M","39,068 M","18,152 M","38,590 M","5,262 M","5,629 M","1,793 M","1,067 M","2,235 M","3,268 M",,,,,,"11,540 M","3,435 M",718 M,"25,048 M",,,"33,550 M",,,"6,514 M","7,101 M","39,900 M","2,637 M","3,066 M","1,358 M","11,701 M","14,601 M","11,964 M","14,916 M","11,031 M","5,366 M","13,313 M","2,667 M","3,836 M","12,869 M",,"16,703 M","14,861 M","17,215 M","5,617 M","1,134 M","1,028 M",,951 M,,"1,210 M",563 M,"25,054 M",,"7,298 M",,962 M,237 M,,
2014'Q3,"38,673 M","39,715 M","18,379 M","38,746 M","5,315 M","5,723 M","1,862 M","1,102 M","2,275 M","3,253 M",,,,,,"11,491 M","3,432 M",593 M,"24,768 M",,,"33,375 M",,,"6,299 M","7,213 M","39,900 M","2,634 M","2,931 M","1,339 M","11,504 M","14,531 M","11,580 M","14,591 M","10,932 M","5,338 M","13,490 M","2,697 M","3,826 M","12,670 M",,"17,010 M","15,097 M","17,637 M","5,748 M","1,165 M","1,056 M",,897 M,,"1,201 M",578 M,"25,645 M",,"6,497 M",,"1,001 M",238 M,,
2014'Q4,"42,650 M","40,362 M","18,605 M","38,901 M","5,368 M","5,817 M","1,932 M","1,137 M","2,315 M","3,237 M",,,,,,"11,442 M","3,428 M",468 M,"24,488 M",,,"33,200 M",,,"6,083 M","7,325 M","39,900 M","2,630 M","2,796 M","1,320 M","11,308 M","14,462 M","11,196 M","14,266 M","10,834 M","5,309 M","13,667 M","2,726 M","3,817 M","12,471 M",,"17,317 M","15,333 M","18,060 M","5,879 M","1,195 M","1,085 M","2,228 M",843 M,,"1,193 M",593 M,"26,235 M","9,272 M","5,696 M",,"1,040 M",240 M,,
2015'Q1,"42,235 M","40,448 M","18,909 M","38,642 M","5,426 M","5,967 M","1,984 M","1,168 M","2,316 M","3,202 M",,,,,,"11,097 M","3,299 M",497 M,"24,588 M",,,"32,100 M",,,"6,423 M","7,274 M","38,825 M","2,611 M","2,767 M","1,397 M","11,299 M","13,883 M","11,364 M","14,675 M","10,587 M","5,163 M","13,551 M","2,609 M","3,490 M","11,885 M",,"17,227 M","15,305 M","17,828 M","5,762 M","1,207 M","1,127 M","2,281 M",824 M,,"1,181 M",565 M,"25,993 M","9,373 M","5,743 M",,"1,044 M",232 M,,
2015'Q2,"41,820 M","40,533 M","19,213 M","38,383 M","5,483 M","6,117 M","2,037 M","1,200 M","2,316 M","3,167 M",,,,,,"10,751 M","3,170 M",526 M,"24,687 M",,,"31,000 M",,,"6,762 M","7,223 M","37,750 M","2,591 M","2,738 M","1,474 M","11,290 M","13,304 M","11,532 M","15,085 M","10,340 M","5,018 M","13,436 M","2,492 M","3,163 M","11,298 M",,"17,136 M","15,276 M","17,597 M","5,645 M","1,219 M","1,170 M","2,335 M",806 M,,"1,170 M",538 M,"25,751 M","9,473 M","5,791 M",,"1,047 M",224 M,,
2015'Q3,"41,405 M","40,619 M","19,516 M","38,123 M","5,541 M","6,266 M","2,089 M","1,231 M","2,317 M","3,131 M",,,,,,"10,405 M","3,041 M",554 M,"24,786 M",,,"29,900 M",,,"7,102 M","7,173 M","36,675 M","2,572 M","2,709 M","1,550 M","11,280 M","12,725 M","11,700 M","15,494 M","10,093 M","4,872 M","13,320 M","2,374 M","2,836 M","10,712 M",,"17,045 M","15,247 M","17,365 M","5,527 M","1,231 M","1,212 M","2,388 M",787 M,,"1,158 M",510 M,"25,509 M","9,573 M","5,838 M",,"1,050 M",217 M,,
2015'Q4,"40,990 M","40,704 M","19,820 M","37,864 M","5,598 M","6,416 M","2,141 M","1,262 M","2,317 M","3,096 M",,,,,,"10,059 M","2,911 M",583 M,"24,886 M",,,"28,800 M",,,"7,441 M","7,122 M","35,600 M","2,553 M","2,680 M","1,627 M","11,271 M","12,147 M","11,868 M","15,903 M","9,846 M","4,726 M","13,205 M","2,257 M","2,509 M","10,126 M",,"16,954 M","15,219 M","17,134 M","5,410 M","1,243 M","1,254 M","2,442 M",769 M,,"1,146 M",483 M,"25,267 M","9,674 M","5,886 M",,"1,053 M",209 M,,
2016'Q1,"40,778 M","40,391 M","19,937 M","37,538 M","5,680 M","6,458 M","2,186 M","1,291 M","2,346 M","3,088 M",,,,,,"10,278 M","2,951 M",603 M,"24,611 M",,,"28,500 M",,,"7,358 M","6,855 M","35,500 M","2,670 M","2,640 M","1,640 M","11,113 M","12,118 M","11,777 M","15,866 M","9,813 M","4,738 M","12,894 M","2,248 M","2,657 M","9,976 M",,"16,858 M","15,159 M","16,990 M","5,517 M","1,235 M","1,297 M","2,548 M",816 M,,"1,118 M",464 M,"25,389 M","9,908 M","6,499 M",,"1,051 M",201 M,,
2016'Q2,"40,566 M","40,077 M","20,055 M","37,211 M","5,762 M","6,500 M","2,231 M","1,321 M","2,375 M","3,080 M",,,,,,"10,497 M","2,991 M",623 M,"24,337 M",,,"28,200 M",,,"7,274 M","6,587 M","35,400 M","2,788 M","2,601 M","1,653 M","10,954 M","12,088 M","11,686 M","15,829 M","9,780 M","4,749 M","12,583 M","2,239 M","2,804 M","9,826 M",,"16,761 M","15,098 M","16,847 M","5,623 M","1,228 M","1,340 M","2,654 M",864 M,,"1,089 M",446 M,"25,511 M","10,143 M","7,111 M",,"1,048 M",193 M,,
2016'Q3,"40,354 M","39,764 M","20,172 M","36,885 M","5,843 M","6,542 M","2,275 M","1,350 M","2,404 M","3,072 M",,,,,,"10,715 M","3,031 M",644 M,"24,062 M",,,"27,900 M",,,"7,191 M","6,319 M","35,300 M","2,905 M","2,561 M","1,667 M","10,796 M","12,059 M","11,594 M","15,791 M","9,747 M","4,761 M","12,272 M","2,231 M","2,952 M","9,677 M",,"16,665 M","15,038 M","16,703 M","5,729 M","1,220 M","1,383 M","2,760 M",911 M,,"1,060 M",428 M,"25,633 M","10,378 M","7,724 M",,"1,045 M",186 M,,
2016'Q4,"40,142 M","39,450 M","20,289 M","36,558 M","5,925 M","6,584 M","2,320 M","1,379 M","2,432 M","3,064 M",,,,,,"10,934 M","3,071 M",664 M,"23,788 M",,,"27,600 M",,,"7,107 M","6,051 M","35,200 M","3,023 M","2,522 M","1,680 M","10,637 M","12,030 M","11,503 M","15,754 M","9,714 M","4,772 M","11,962 M","2,222 M","3,100 M","9,527 M",,"16,568 M","14,978 M","16,559 M","5,836 M","1,212 M","1,426 M","2,866 M",958 M,,"1,032 M",409 M,"25,755 M","10,613 M","8,337 M",,"1,042 M",178 M,,
2017'Q1,"40,762 M","39,872 M","20,503 M","36,865 M","6,417 M","6,691 M","2,401 M","1,412 M","2,493 M","3,078 M",,,,,,"11,428 M","3,198 M",699 M,"24,728 M",,,"27,975 M",,,"7,533 M","6,227 M","36,425 M","3,209 M","2,684 M","1,860 M","10,990 M","12,114 M","11,884 M","16,458 M","10,110 M","5,119 M","12,084 M","2,297 M","3,124 M","9,686 M",,"17,188 M","15,451 M","17,459 M","6,709 M","1,370 M","1,557 M","3,038 M","1,018 M",,970 M,423 M,"26,280 M","10,851 M","8,610 M",,"1,039 M",181 M,,
2017'Q2,"41,382 M","40,294 M","20,718 M","37,171 M","6,910 M","6,798 M","2,482 M","1,445 M","2,554 M","3,093 M",,,,,,"11,922 M","3,325 M",734 M,"25,669 M",,,"28,350 M",,,"7,959 M","6,403 M","37,650 M","3,396 M","2,847 M","2,040 M","11,344 M","12,199 M","12,265 M","17,162 M","10,505 M","5,466 M","12,206 M","2,372 M","3,149 M","9,845 M",,"17,808 M","15,924 M","18,359 M","7,583 M","1,528 M","1,687 M","3,211 M","1,077 M",,907 M,437 M,"26,805 M","11,088 M","8,884 M",,"1,036 M",184 M,,
2017'Q3,"42,002 M","40,716 M","20,932 M","37,478 M","7,402 M","6,905 M","2,563 M","1,478 M","2,614 M","3,108 M",,,,,,"12,417 M","3,453 M",769 M,"26,610 M",,,"28,725 M",,,"8,385 M","6,579 M","38,875 M","3,583 M","3,010 M","2,220 M","11,697 M","12,283 M","12,645 M","17,865 M","10,901 M","5,813 M","12,328 M","2,447 M","3,173 M","10,005 M",,"18,427 M","16,397 M","19,259 M","8,456 M","1,686 M","1,818 M","3,384 M","1,136 M",,845 M,450 M,"27,330 M","11,326 M","9,158 M",,"1,033 M",187 M,,
2017'Q4,"42,622 M","41,138 M","21,146 M","37,784 M","7,894 M","7,012 M","2,644 M","1,511 M","2,675 M","3,123 M",,,,,,"12,911 M","3,580 M",805 M,"27,550 M",,,"29,100 M",,,"8,811 M","6,755 M","40,100 M","3,770 M","3,173 M","2,400 M","12,050 M","12,367 M","13,026 M","18,569 M","11,296 M","6,160 M","12,450 M","2,522 M","3,198 M","10,164 M",,"19,047 M","16,870 M","20,159 M","9,329 M","1,843 M","1,949 M","3,556 M","1,195 M","3,333 M",783 M,464 M,"27,855 M","11,564 M","9,431 M","10,893 M","1,030 M",190 M,,
2018'Q1,"43,102 M","41,963 M","21,351 M","38,664 M","7,987 M","7,174 M","2,813 M","1,550 M","2,716 M","3,147 M",,,,,,"12,982 M","3,553 M",824 M,"27,649 M",,,"29,650 M",,,"8,770 M","6,993 M","40,650 M","3,986 M","3,212 M","2,454 M","12,047 M","12,440 M","13,122 M","18,566 M","11,381 M","6,226 M","12,882 M","2,561 M","3,194 M","10,228 M",,"19,424 M","17,087 M","20,535 M","9,533 M","1,908 M","2,003 M","3,697 M","1,228 M","2,511 M",869 M,467 M,"28,321 M","11,989 M","9,320 M","11,368 M","1,057 M",211 M,,
2018'Q2,"43,582 M","42,788 M","21,556 M","39,544 M","8,079 M","7,335 M","2,983 M","1,589 M","2,756 M","3,172 M",,,,,,"13,054 M","3,525 M",843 M,"27,748 M",,,"30,200 M",,,"8,729 M","7,232 M","41,200 M","4,202 M","3,251 M","2,507 M","12,044 M","12,513 M","13,217 M","18,563 M","11,467 M","6,293 M","13,313 M","2,600 M","3,190 M","10,293 M",,"19,800 M","17,303 M","20,911 M","9,736 M","1,973 M","2,058 M","3,838 M","1,261 M","1,689 M",954 M,469 M,"28,787 M","12,390 M","9,209 M","11,842 M","1,083 M",232 M,,
2018'Q3,"44,061 M","43,613 M","21,760 M","40,423 M","8,172 M","7,497 M","3,153 M","1,628 M","2,797 M","3,197 M",,,,,,"13,126 M","3,498 M",863 M,"27,846 M",,,"30,750 M",,,"8,689 M","7,470 M","41,750 M","4,418 M","3,291 M","2,561 M","12,042 M","12,586 M","13,313 M","18,560 M","11,552 M","6,359 M","13,745 M","2,639 M","3,186 M","10,357 M",,"20,177 M","17,520 M","21,287 M","9,940 M","2,038 M","2,112 M","3,979 M","1,294 M",867 M,"1,040 M",472 M,"29,252 M","12,791 M","9,098 M","12,317 M","1,110 M",252 M,,
2018'Q4,"44,541 M","44,438 M","21,965 M","41,303 M","8,264 M","7,658 M","3,323 M","1,667 M","2,837 M","3,222 M",,,,,,"13,198 M","3,470 M",882 M,"27,945 M",,,"31,300 M",,,"8,648 M","7,709 M","42,300 M","4,634 M","3,330 M","2,614 M","12,039 M","12,659 M","13,408 M","18,557 M","11,637 M","6,425 M","14,177 M","2,678 M","3,182 M","10,422 M",,"20,554 M","17,737 M","21,663 M","10,144 M","2,103 M","2,167 M","4,120 M","1,326 M",44 M,"1,126 M",475 M,"29,718 M","13,192 M","8,986 M","12,791 M","1,136 M",273 M,,
2019'Q1,"44,848 M","45,080 M","22,081 M","41,792 M","8,393 M","7,767 M","3,450 M","1,711 M","2,836 M","3,159 M",,,,,,"13,561 M","2,603 M",918 M,"28,122 M",,,"31,075 M",,,"8,813 M","7,754 M","41,925 M","4,714 M","3,383 M","2,717 M","11,832 M","12,601 M","13,264 M","18,458 M","11,402 M","6,306 M","14,067 M","2,685 M","3,292 M","10,424 M",,"20,430 M","17,885 M","21,948 M","10,266 M","2,154 M","2,240 M","4,276 M","1,430 M",43 M,"1,161 M",482 M,"29,361 M","13,167 M","9,528 M","12,883 M","1,176 M",291 M,,
2019'Q2,"45,155 M","45,723 M","22,197 M","42,281 M","8,523 M","7,876 M","3,577 M","1,754 M","2,835 M","3,097 M",,,,,,"13,924 M","1,735 M",955 M,"28,299 M",,,"30,850 M",,,"8,977 M","7,799 M","41,550 M","4,795 M","3,437 M","2,820 M","11,626 M","12,542 M","13,121 M","18,360 M","11,167 M","6,187 M","13,957 M","2,693 M","3,402 M","10,426 M",,"20,307 M","18,033 M","22,232 M","10,388 M","2,206 M","2,313 M","4,431 M","1,534 M",41 M,"1,196 M",489 M,"29,003 M","13,375 M","10,070 M","12,976 M","1,216 M",309 M,,
2019'Q3,"45,461 M","46,365 M","22,312 M","42,770 M","8,652 M","7,985 M","3,704 M","1,798 M","2,834 M","3,034 M",,,,,,"14,287 M",868 M,991 M,"28,476 M",,,"30,625 M",,,"9,142 M","7,845 M","41,175 M","4,876 M","3,490 M","2,922 M","11,420 M","12,484 M","12,977 M","18,261 M","10,931 M","6,067 M","13,847 M","2,700 M","3,512 M","10,429 M",,"20,184 M","18,181 M","22,516 M","10,510 M","2,258 M","2,387 M","4,587 M","1,638 M",40 M,"1,231 M",496 M,"28,646 M","13,583 M","10,613 M","13,068 M","1,256 M",326 M,,
2019'Q4,"45,768 M","47,007 M","22,428 M","43,259 M","8,781 M","8,094 M","3,831 M","1,841 M","2,832 M","2,972 M",,,,,,"14,650 M",,"1,027 M","28,653 M",,,"30,400 M",,,"9,307 M","7,890 M","40,800 M","4,957 M","3,543 M","3,025 M","11,214 M","12,425 M","12,833 M","18,162 M","10,696 M","5,948 M","13,737 M","2,707 M","3,622 M","10,431 M",,"20,060 M","18,329 M","22,800 M","10,632 M","2,310 M","2,460 M","4,743 M","1,742 M",38 M,"1,266 M",503 M,"28,289 M","13,791 M","11,155 M","13,160 M","1,296 M",344 M,,
2020'Q1,"38,660 M","39,529 M","19,083 M","36,283 M","7,477 M","6,810 M","3,325 M","1,628 M","2,335 M","2,761 M",,,,,,"12,144 M",,994 M,"23,885 M",,,"25,950 M",,,"7,460 M","6,890 M","34,475 M","3,983 M","2,927 M","2,486 M","9,118 M","11,765 M","10,742 M","15,267 M","9,771 M","5,352 M","11,816 M","2,231 M","3,073 M","8,907 M",,"17,869 M","16,208 M","20,818 M","9,133 M","2,139 M","2,256 M","4,055 M","1,503 M",46 M,"1,070 M",377 M,"23,639 M","13,999 M","9,442 M","11,554 M","1,098 M",292 M,,
2020'Q2,"31,553 M","32,051 M","15,738 M","29,307 M","6,174 M","5,526 M","2,820 M","1,416 M","1,839 M","2,550 M",,,,,,"9,639 M",,961 M,"19,116 M",,,"21,500 M",,,"5,612 M","5,890 M","28,150 M","3,009 M","2,310 M","1,946 M","7,023 M","11,105 M","8,651 M","12,373 M","8,846 M","4,756 M","9,896 M","1,754 M","2,524 M","7,383 M",,"15,678 M","14,088 M","18,836 M","7,635 M","1,968 M","2,051 M","3,367 M","1,264 M",54 M,875 M,252 M,"18,989 M","12,511 M","7,729 M","9,947 M",900 M,240 M,,
2020'Q3,"24,445 M","24,573 M","12,393 M","22,331 M","4,870 M","4,241 M","2,315 M","1,203 M","1,342 M","2,338 M",,,,,,"7,133 M",,927 M,"14,347 M",,,"17,050 M",,,"3,765 M","4,891 M","21,825 M","2,035 M","1,694 M","1,406 M","4,928 M","10,445 M","6,559 M","9,478 M","7,920 M","4,160 M","7,975 M","1,278 M","1,976 M","5,859 M",,"13,487 M","11,968 M","16,854 M","6,137 M","1,797 M","1,847 M","2,680 M","1,026 M",62 M,679 M,126 M,"14,339 M","11,023 M","6,016 M","8,341 M",702 M,189 M,,
2020'Q4,"17,337 M","17,095 M","9,048 M","15,355 M","3,566 M","2,957 M","1,810 M",990 M,845 M,"2,127 M",,,,,,"4,627 M",,894 M,"9,579 M",,,"12,600 M",,,"1,918 M","3,891 M","15,500 M","1,061 M","1,077 M",866 M,"2,832 M","9,785 M","4,468 M","6,583 M","6,995 M","3,564 M","6,054 M",801 M,"1,427 M","4,335 M",,"11,295 M","9,847 M","14,872 M","4,638 M","1,626 M","1,643 M","1,992 M",787 M,70 M,483 M,,"9,689 M","9,534 M","4,303 M","6,734 M",504 M,137 M,,
2021'Q1,"20,473 M","20,296 M","10,734 M","17,675 M","4,219 M","3,727 M","2,165 M","1,170 M","1,033 M","2,274 M",,,,,,"4,714 M",,945 M,"9,578 M",,,"13,675 M",,,"2,771 M","3,436 M","16,575 M",939 M,"1,063 M","1,127 M","3,531 M","8,454 M","4,792 M","7,021 M","7,146 M","3,587 M","6,002 M",978 M,"1,412 M","4,540 M",,"11,554 M","10,229 M","15,316 M","4,836 M","1,697 M","1,726 M","2,349 M",840 M,79 M,518 M,,"11,296 M","8,046 M","4,927 M","7,485 M",594 M,170 M,,
2021'Q2,"23,610 M","23,497 M","12,419 M","19,995 M","4,871 M","4,497 M","2,520 M","1,349 M","1,221 M","2,420 M",,,,,,"4,801 M",,996 M,"9,577 M",,,"14,750 M",,,"3,624 M","2,982 M","17,650 M",818 M,"1,049 M","1,387 M","4,229 M","7,124 M","5,116 M","7,460 M","7,297 M","3,611 M","5,950 M","1,155 M","1,398 M","4,745 M",,"11,814 M","10,611 M","15,760 M","5,033 M","1,768 M","1,808 M","2,706 M",893 M,89 M,552 M,,"12,902 M","9,622 M","5,551 M","8,236 M",684 M,203 M,,
2021'Q3,"26,746 M","26,698 M","14,105 M","22,314 M","5,524 M","5,267 M","2,876 M","1,528 M","1,409 M","2,567 M",,,,,,"4,888 M",,"1,047 M","9,577 M",,,"15,825 M",,,"4,477 M","2,527 M","18,725 M",697 M,"1,034 M","1,647 M","4,928 M","5,794 M","5,440 M","7,898 M","7,448 M","3,634 M","5,898 M","1,333 M","1,383 M","4,950 M",,"12,073 M","10,993 M","16,203 M","5,230 M","1,839 M","1,891 M","3,063 M",946 M,98 M,586 M,,"14,508 M","11,197 M","6,174 M","8,987 M",774 M,236 M,,
2021'Q4,"29,882 M","29,899 M","15,790 M","24,634 M","6,176 M","6,037 M","3,231 M","1,708 M","1,597 M","2,713 M",,,,,,"4,975 M",,"1,098 M","9,576 M",,,"16,900 M",,,"5,329 M","2,073 M","19,800 M",575 M,"1,020 M","1,907 M","5,626 M","4,464 M","5,764 M","8,336 M","7,599 M","3,657 M","5,846 M","1,510 M","1,368 M","5,155 M",,"12,332 M","11,375 M","16,647 M","5,427 M","1,910 M","1,974 M","3,421 M",999 M,107 M,621 M,,"16,114 M","12,773 M","6,798 M","9,738 M",864 M,269 M,,722 M
2022'Q1,"34,654 M","35,070 M","17,796 M","29,714 M","7,044 M","6,817 M","3,690 M","1,856 M","1,858 M","2,786 M",,,,,,"6,774 M",,"1,202 M","13,333 M",,,"19,600 M",,,"6,927 M","3,154 M","22,574 M",913 M,"1,435 M","2,526 M","7,568 M","4,950 M","6,947 M","9,450 M","8,480 M","3,967 M","6,019 M","1,874 M","1,767 M","6,888 M",,"11,260 M","10,311 M","15,793 M","4,901 M","1,764 M","1,796 M","4,221 M","1,027 M",108 M,702 M,,"19,394 M","14,348 M","6,991 M","11,910 M","1,005 M",351 M,,866 M
2022'Q2,"39,427 M","40,241 M","19,802 M","34,795 M","7,911 M","7,598 M","4,150 M","2,005 M","2,119 M","2,859 M",,,,,,"8,573 M",,"1,306 M","17,089 M",,,"22,300 M",,,"8,524 M","4,234 M","25,348 M","1,251 M","1,849 M","3,145 M","9,511 M","5,436 M","8,130 M","10,564 M","9,361 M","4,278 M","6,191 M","2,237 M","2,166 M","8,621 M",,"10,188 M","9,247 M","14,938 M","4,376 M","1,619 M","1,619 M","5,021 M","1,055 M",109 M,784 M,,"22,673 M","15,971 M","7,185 M","14,082 M","1,146 M",434 M,,"1,010 M"
2022'Q3,"44,199 M","45,411 M","21,808 M","39,875 M","8,779 M","8,378 M","4,609 M","2,153 M","2,380 M","2,932 M",,,,,,"10,372 M",,"1,410 M","20,846 M",,,"25,000 M",,,"10,121 M","5,315 M","28,121 M","1,588 M","2,263 M","3,763 M","11,453 M","5,922 M","9,313 M","11,678 M","10,242 M","4,588 M","6,364 M","2,601 M","2,565 M","10,353 M",,"9,117 M","8,184 M","14,084 M","3,850 M","1,473 M","1,441 M","5,822 M","1,082 M",111 M,865 M,,"25,953 M","17,594 M","7,378 M","16,254 M","1,287 M",516 M,,"1,154 M"
2022'Q4,"48,971 M","50,582 M","23,814 M","44,955 M","9,646 M","9,158 M","5,068 M","2,302 M","2,641 M","3,005 M",,,,,,"12,171 M",,"1,514 M","24,602 M",,,"27,700 M",,,"11,718 M","6,395 M","30,895 M","1,983 M","2,677 M","4,382 M","13,395 M","6,408 M","10,496 M","12,792 M","11,123 M","4,898 M","6,536 M","2,965 M","2,965 M","12,086 M",,"8,045 M","7,120 M","13,229 M","3,324 M","1,327 M","1,263 M","6,622 M","1,110 M",112 M,947 M,,"29,232 M","19,217 M","7,571 M","18,426 M","1,427 M",598 M,,"1,299 M"
2023'Q1,"49,925 M","52,449 M","24,383 M","47,146 M","9,841 M","9,272 M","5,142 M","2,354 M","2,660 M","2,988 M",,,,,,"13,245 M",,"1,607 M","26,588 M",,,"29,083 M",,,"12,422 M","7,306 M","32,032 M","1,864 M","2,866 M","4,778 M","13,562 M","8,117 M","10,652 M","12,975 M","11,466 M","5,152 M","7,679 M","3,091 M","3,194 M","11,836 M",,"9,684 M","8,584 M","14,881 M","4,577 M","1,662 M","1,682 M","7,033 M","1,056 M",111 M,996 M,,"30,175 M","20,839 M","7,811 M","18,173 M","1,482 M",611 M,,"1,403 M"
2023'Q2,"50,880 M","54,315 M","24,953 M","49,336 M","10,036 M","9,387 M","5,215 M","2,406 M","2,679 M","2,970 M",,,,,,"14,319 M",,"1,699 M","28,574 M",,,"30,466 M",,,"13,126 M","8,216 M","33,169 M","1,999 M","3,054 M","5,173 M","13,601 M","9,814 M","10,808 M","12,972 M","11,810 M","5,405 M","8,826 M","3,159 M","3,319 M","11,448 M",,"12,434 M","10,783 M","16,780 M","5,830 M","1,997 M","2,100 M","7,443 M","1,001 M",110 M,"1,044 M",,"31,027 M","21,153 M","8,051 M","18,715 M","1,538 M",624 M,,"1,508 M"
2023'Q3,"51,834 M","56,182 M","25,522 M","51,527 M","10,231 M","9,501 M","5,289 M","2,458 M","2,698 M","2,953 M",,,,,,"15,394 M",,"1,792 M","30,560 M",,,"31,849 M",,,"13,830 M","9,127 M","34,305 M","2,313 M","3,243 M","5,568 M","13,603 M","11,789 M","10,963 M","13,399 M","12,153 M","5,659 M","10,442 M","3,285 M","3,506 M","11,451 M",,"16,704 M","13,728 M","20,000 M","7,653 M","2,512 M","2,691 M","7,854 M",947 M,109 M,"1,093 M",,"31,879 M","21,467 M","8,292 M","20,430 M","1,593 M",637 M,,"1,613 M"
2023'Q4,"52,653 M","57,759 M","26,391 M","53,914 M","10,373 M","9,536 M","5,344 M","2,493 M","2,716 M","2,953 M",,,,,,"16,257 M",,"1,909 M","32,384 M",,,"33,101 M",,,"13,880 M","9,611 M","36,290 M","2,426 M","3,391 M","5,648 M","13,987 M","13,979 M","11,119 M","14,037 M","12,496 M","5,912 M","12,066 M","3,457 M","3,804 M","11,641 M",,"19,712 M","15,913 M","22,390 M","8,793 M","2,835 M","3,103 M","8,465 M",826 M,108 M,"1,142 M",,"32,731 M","21,781 M","8,532 M","21,022 M","1,657 M",614 M,,"1,718 M"
2024'Q1,"52,026 M","56,995 M","26,198 M","53,024 M","9,998 M","9,342 M","5,269 M","2,522 M",,"3,023 M",,,,,,"15,998 M",,"1,882 M","31,186 M",,,"31,973 M",,,"12,588 M","9,164 M","35,406 M","2,630 M","3,269 M","5,189 M","14,122 M","14,192 M","10,999 M","14,042 M","12,607 M","4,434 M","12,459 M","3,483 M","3,774 M","12,136 M",,"21,611 M","17,265 M","23,609 M",,,,"8,298 M",760 M,107 M,,,"32,640 M","22,095 M","8,482 M","21,438 M","1,665 M",602 M,,"1,798 M"
2024'Q2,"53,163 M","59,141 M","27,029 M","54,580 M","10,289 M","9,366 M","5,209 M","2,561 M",,"3,156 M",,,,,,"15,914 M",,"1,894 M","31,935 M",,,"32,181 M",,,"12,839 M","10,472 M","37,266 M","2,890 M","3,232 M","5,047 M","14,237 M","14,499 M","10,866 M","14,059 M","12,718 M","2,956 M","12,854 M","3,493 M","3,612 M","12,486 M",,"22,279 M","18,426 M","23,932 M",,,,"8,562 M",733 M,109 M,,,"33,046 M","22,427 M","8,793 M","21,950 M","1,700 M",610 M,,"1,879 M"
2024'Q3,"53,613 M","60,306 M","27,376 M","55,994 M","10,754 M","9,327 M","5,065 M","2,496 M",,"3,335 M",,,,,,"16,313 M",,"1,948 M","34,186 M",,,"33,871 M",,,"14,846 M","12,002 M","40,362 M","3,166 M","3,285 M","5,568 M","14,581 M","15,116 M","11,398 M","14,489 M","12,828 M","1,478 M","13,127 M","3,480 M","3,594 M","12,707 M",,"22,927 M","17,747 M","24,511 M",,,,"8,492 M",610 M,110 M,,,"33,451 M","22,758 M","9,772 M","22,259 M","1,770 M",657 M,,"1,960 M"
2024'Q4,"54,211 M","61,642 M","27,483 M","57,063 M","11,735 M","9,279 M","4,913 M","2,513 M",,"3,528 M",,,,,,"16,166 M",,"1,930 M","34,547 M",,,"33,854 M",,,"14,932 M","12,131 M","40,481 M","3,311 M","3,291 M","5,612 M","14,525 M","15,078 M","11,709 M","14,486 M","12,939 M",,"13,394 M","3,446 M","3,447 M","12,833 M",,"23,189 M","18,384 M","24,234 M",,,,"8,797 M",590 M,109 M,,,"33,857 M","23,089 M","10,181 M","22,669 M","1,796 M",676 M,,"2,040 M"
2025'Q1,"54,192 M","61,934 M","27,582 M","57,737 M","12,640 M","9,210 M","4,660 M","2,555 M",,"3,673 M",,,,,,"15,919 M",,"1,950 M","35,231 M",,,"34,425 M",,,"15,076 M","12,352 M","41,297 M","3,370 M","3,306 M","5,689 M","14,611 M","15,206 M","12,034 M","14,829 M","9,704 M",,"13,714 M","3,452 M","3,493 M","12,914 M",,"23,153 M","18,452 M","24,036 M","9,016 M","2,782 M","3,052 M","9,077 M",594 M,108 M,"1,093 M",,"34,262 M","23,421 M","8,098 M","22,787 M","1,850 M",701 M,,"2,024 M"
2025'Q2,"54,250 M","61,924 M","27,472 M","57,987 M","13,447 M","9,138 M","4,399 M","2,578 M",,"3,841 M",,,,,,"16,020 M",,"1,996 M","36,783 M",,,"35,854 M",,,"16,301 M","8,533 M","42,735 M","3,516 M","3,413 M","6,022 M","11,109 M","15,449 M","12,711 M","15,426 M","6,470 M",,"13,997 M","3,475 M","3,679 M","13,174 M",,"23,410 M","13,312 M","24,492 M",,,,"9,090 M",519 M,106 M,,,"34,262 M","17,566 M","5,655 M","23,106 M","1,860 M",689 M,,"2,093 M"
